openalex_id,doi,title,year,venue,first_author,author_count,cited_by_count,is_top_venue,query_keys,themes,doi_url,landing_page_url
https://openalex.org/W4211130665,10.1111/j.1745-6924.2008.00088.x,Rethinking Rumination,2008,Perspectives on Psychological Science,Susan Nolen–Hoeksema,3,4947,True,appraisal_theory;interpersonal_emotion_regulation,appraisal_and_action_tendency,https://doi.org/10.1111/j.1745-6924.2008.00088.x,https://doi.org/10.1111/j.1745-6924.2008.00088.x
https://openalex.org/W2196633743,10.1016/j.chb.2015.07.045,"Challenging games help students learn: An empirical study on engagement, flow and immersion in game-based learning",2015,Computers in Human Behavior,Juho Hamari,6,1624,True,affective_computing,general,https://doi.org/10.1016/j.chb.2015.07.045,https://doi.org/10.1016/j.chb.2015.07.045
https://openalex.org/W2109474021,10.1177/1754073912468165,Appraisal Theories of Emotion: State of the Art and Future Development,2013,Emotion Review,Agnes Moors,4,1556,True,appraisal_theory;cognitive_appraisal,appraisal_and_action_tendency,https://doi.org/10.1177/1754073912468165,https://doi.org/10.1177/1754073912468165
https://openalex.org/W2129134806,10.1146/annurev.psych.58.110405.085709,The Experience of Emotion,2006,Annual Review of Psychology,Lisa Feldman Barrett,4,1327,True,appraisal_theory;cognitive_appraisal;affective_computing;llm_agents_affect,appraisal_and_action_tendency;affective_agents_and_chatbots,https://doi.org/10.1146/annurev.psych.58.110405.085709,https://doi.org/10.1146/annurev.psych.58.110405.085709
https://openalex.org/W2656044294,10.1073/pnas.1618923114,Emotion shapes the diffusion of moralized content in social networks,2017,Proceedings of the National Academy of Sciences,William J. Brady,5,1235,True,appraisal_theory,appraisal_and_action_tendency,https://doi.org/10.1073/pnas.1618923114,https://doi.org/10.1073/pnas.1618923114
https://openalex.org/W2080315483,10.1037/0022-3514.91.5.975,"Nostalgia: Content, triggers, functions.",2006,Journal of Personality and Social Psychology,Tim Wildschut,4,1204,True,appraisal_theory;interpersonal_emotion_regulation,appraisal_and_action_tendency,https://doi.org/10.1037/0022-3514.91.5.975,https://doi.org/10.1037/0022-3514.91.5.975
https://openalex.org/W1819042414,10.1037/pspi0000033,The nature of social dominance orientation: Theorizing and measuring preferences for intergroup inequality using the new SDO₇ scale.,2015,Journal of Personality and Social Psychology,Arnold K. Ho,8,1113,True,affective_computing;personality_reactivity;llm_agents_affect,personality_and_emotion_dynamics;affective_agents_and_chatbots,https://doi.org/10.1037/pspi0000033,https://doi.org/10.1037/pspi0000033
https://openalex.org/W2134558131,10.1037/0022-3514.87.5.649,Put Your Money Where Your Mouth Is! Explaining Collective Action Tendencies Through Group-Based Anger and Group Efficacy.,2004,Journal of Personality and Social Psychology,Martijn van Zomeren,4,1111,True,appraisal_theory,appraisal_and_action_tendency;anger_blame_and_attribution,https://doi.org/10.1037/0022-3514.87.5.649,https://doi.org/10.1037/0022-3514.87.5.649
https://openalex.org/W1972456431,10.1037/a0023477,Relational regulation theory: A new approach to explain the link between perceived social support and mental health.,2011,Psychological Review,Brian Lakey,2,890,True,appraisal_theory,appraisal_and_action_tendency;personality_and_emotion_dynamics,https://doi.org/10.1037/a0023477,https://doi.org/10.1037/a0023477
https://openalex.org/W2023041445,10.1111/j.1745-6916.2008.00068.x,Self-Enhancement: Food for Thought,2008,Perspectives on Psychological Science,Constantine Sedikides,2,852,True,appraisal_theory,appraisal_and_action_tendency;personality_and_emotion_dynamics,https://doi.org/10.1111/j.1745-6916.2008.00068.x,https://doi.org/10.1111/j.1745-6916.2008.00068.x
https://openalex.org/W2108525134,10.1177/0146167206291006,Nice Guys Finish First: The Competitive Altruism Hypothesis,2006,Personality and Social Psychology Bulletin,Charlie L. Hardy,2,828,True,affective_computing;llm_agents_affect,affective_agents_and_chatbots,https://doi.org/10.1177/0146167206291006,https://doi.org/10.1177/0146167206291006
https://openalex.org/W2138611879,10.1177/0956797610372634,Emotional Inertia and Psychological Maladjustment,2010,Psychological Science,Peter Kuppens,3,729,True,emotion_dynamics;interpersonal_emotion_regulation,personality_and_emotion_dynamics,https://doi.org/10.1177/0956797610372634,https://doi.org/10.1177/0956797610372634
https://openalex.org/W2140863309,10.1037/0022-3514.69.2.213,Effects of mindset on positive illusions.,1995,Journal of Personality and Social Psychology,Shelley E. Taylor,2,591,True,appraisal_theory,appraisal_and_action_tendency,https://doi.org/10.1037/0022-3514.69.2.213,https://doi.org/10.1037/0022-3514.69.2.213
https://openalex.org/W3122430235,10.1037/0022-3514.87.4.510,The Interpersonal Effects of Emotions in Negotiations: A Motivated Information Processing Approach.,2004,Journal of Personality and Social Psychology,Gerben A. van Kleef,3,571,True,appraisal_theory,appraisal_and_action_tendency;anger_blame_and_attribution,https://doi.org/10.1037/0022-3514.87.4.510,https://doi.org/10.1037/0022-3514.87.4.510
https://openalex.org/W2806569034,10.1093/joc/jqy026,"Psychological, Relational, and Emotional Effects of Self-Disclosure After Conversations With a Chatbot",2018,Journal of Communication,Annabell Suh Ho,3,547,True,human_chatbot_emotion;llm_agents_affect,affective_agents_and_chatbots,https://doi.org/10.1093/joc/jqy026,https://doi.org/10.1093/joc/jqy026
https://openalex.org/W2008629635,10.1177/0146167203029006008,Measuring Individual Differences in the Tendency to Forgive: Construct Validity and Links with Depression,2003,Personality and Social Psychology Bulletin,Ryan P. Brown,1,501,True,appraisal_theory,appraisal_and_action_tendency;anger_blame_and_attribution;forgiveness_apology_and_repair,https://doi.org/10.1177/0146167203029006008,https://doi.org/10.1177/0146167203029006008
https://openalex.org/W2954457885,10.1080/10447318.2019.1619259,Seven HCI Grand Challenges,2019,International Journal of Human-Computer Interaction,Constantine Stephanidis,32,492,True,affective_computing,general,https://doi.org/10.1080/10447318.2019.1619259,https://doi.org/10.1080/10447318.2019.1619259
https://openalex.org/W1969677670,10.1016/j.ijhcs.2005.01.001,The mechanics of trust: A framework for research and design,2005,International Journal of Human-Computer Studies,Jens Riegelsberger,3,490,True,social_baseline_affiliation,general,https://doi.org/10.1016/j.ijhcs.2005.01.001,https://doi.org/10.1016/j.ijhcs.2005.01.001
https://openalex.org/W2098225165,10.1016/j.ijhcs.2006.05.002,"Are physically embodied social agents better than disembodied social agents?: The effects of physical embodiment, tactile interaction, and people's loneliness in human–robot interaction",2006,International Journal of Human-Computer Studies,Kwan Min Lee,4,488,True,llm_agents_affect,affective_agents_and_chatbots,https://doi.org/10.1016/j.ijhcs.2006.05.002,https://doi.org/10.1016/j.ijhcs.2006.05.002
https://openalex.org/W2009503271,10.1073/pnas.1404212111,Embers of society: Firelight talk among the Ju/’hoansi Bushmen,2014,Proceedings of the National Academy of Sciences,Polly Wiessner,1,462,True,interpersonal_emotion_regulation,appraisal_and_action_tendency,https://doi.org/10.1073/pnas.1404212111,https://doi.org/10.1073/pnas.1404212111
https://openalex.org/W2727856859,10.1177/1745691617693054,Beyond Risk and Protective Factors: An Adaptation-Based Approach to Resilience,2017,Perspectives on Psychological Science,Bruce J. Ellis,4,453,True,interpersonal_emotion_regulation,forgiveness_apology_and_repair,https://doi.org/10.1177/1745691617693054,https://doi.org/10.1177/1745691617693054
https://openalex.org/W2165401984,10.1111/j.1467-9280.2009.02434.x,The Thermometer of Social Relations,2009,Psychological Science,Hans IJzerman,2,440,True,llm_agents_affect,affective_agents_and_chatbots,https://doi.org/10.1111/j.1467-9280.2009.02434.x,https://doi.org/10.1111/j.1467-9280.2009.02434.x
https://openalex.org/W2155282221,10.1177/1088868311430835,Protesters as “Passionate Economists”,2012,Personality and Social Psychology Review,Martijn van Zomeren,3,425,True,appraisal_theory;cognitive_appraisal,appraisal_and_action_tendency;anger_blame_and_attribution,https://doi.org/10.1177/1088868311430835,https://doi.org/10.1177/1088868311430835
https://openalex.org/W4224293837,10.1093/hcr/hqac008,My AI Friend: How Users of a Social Chatbot Understand Their Human–AI Friendship,2022,Human Communication Research,Petter Bae Brandtzæg,3,353,True,human_chatbot_emotion,affective_agents_and_chatbots,https://doi.org/10.1093/hcr/hqac008,https://doi.org/10.1093/hcr/hqac008
https://openalex.org/W2098875817,10.1037/0022-3514.94.2.278,How attributional ambiguity shapes physiological and emotional responses to social rejection and acceptance.,2008,Journal of Personality and Social Psychology,Wendy Berry Mendes,4,341,True,cognitive_appraisal,appraisal_and_action_tendency;anger_blame_and_attribution,https://doi.org/10.1037/0022-3514.94.2.278,https://doi.org/10.1037/0022-3514.94.2.278
https://openalex.org/W2163761553,10.1037/a0034628,Settling for less out of fear of being single.,2013,Journal of Personality and Social Psychology,Stephanie S. Spielmann,7,297,True,interpersonal_emotion_regulation,general,https://doi.org/10.1037/a0034628,https://doi.org/10.1037/a0034628
https://openalex.org/W2992965847,10.1177/1745691619873350,The “Why” and “How” of Narcissism: A Process Model of Narcissistic Status Pursuit,2019,Perspectives on Psychological Science,Stathis Grapsas,4,293,True,personality_reactivity;social_baseline_affiliation;human_chatbot_emotion,appraisal_and_action_tendency;personality_and_emotion_dynamics;affective_agents_and_chatbots,https://doi.org/10.1177/1745691619873350,https://doi.org/10.1177/1745691619873350
https://openalex.org/W2290792382,10.1037/a0039490,Are traits useful? Explaining trait manifestations as tools in the pursuit of goals.,2015,Journal of Personality and Social Psychology,Kira O. McCabe,2,285,True,personality_reactivity,personality_and_emotion_dynamics,https://doi.org/10.1037/a0039490,https://doi.org/10.1037/a0039490
https://openalex.org/W2107134221,10.1073/pnas.1112658108,Thin-slicing study of the oxytocin receptor (OXTR) gene and the evaluation and expression of the prosocial disposition,2011,Proceedings of the National Academy of Sciences,Aleksandr Kogan,6,278,True,social_baseline_affiliation,general,https://doi.org/10.1073/pnas.1112658108,https://doi.org/10.1073/pnas.1112658108
https://openalex.org/W2166224004,10.1177/1754073912445827,Current Emotion Research in the Language Sciences,2012,Emotion Review,Asifa Majid,1,275,True,human_chatbot_emotion,affective_agents_and_chatbots,https://doi.org/10.1177/1754073912445827,https://doi.org/10.1177/1754073912445827
https://openalex.org/W2105824485,10.1177/0956797614559284,Does Hugging Provide Stress-Buffering Social Support? A Study of Susceptibility to Upper Respiratory Infection and Illness,2014,Psychological Science,Sheldon Cohen,4,270,True,social_baseline_affiliation,general,https://doi.org/10.1177/0956797614559284,https://doi.org/10.1177/0956797614559284
https://openalex.org/W2134524153,10.1073/pnas.1114621109,Inhaled oxytocin amplifies both vicarious reinforcement and self reinforcement in rhesus macaques ( <i>Macaca mulatta</i> ),2012,Proceedings of the National Academy of Sciences,Steve W. C. Chang,5,250,True,social_baseline_affiliation,general,https://doi.org/10.1073/pnas.1114621109,https://doi.org/10.1073/pnas.1114621109
https://openalex.org/W2101384759,10.1111/1475-6811.00052,Are men universally more dismissing than women? Gender differences in romantic attachment across 62 cultural regions,2003,Personal Relationships,David P. Schmitt,1,239,True,social_baseline_affiliation,general,https://doi.org/10.1111/1475-6811.00052,https://doi.org/10.1111/1475-6811.00052
https://openalex.org/W2120275826,10.1037/a0030442,In search of meaningfulness: Nostalgia as an antidote to boredom.,2012,Emotion,Wijnand A. P. van Tilburg,3,238,True,cognitive_appraisal,appraisal_and_action_tendency,https://doi.org/10.1037/a0030442,https://doi.org/10.1037/a0030442
https://openalex.org/W2026443152,10.1037/0022-3514.91.1.124,"Supplication and appeasement in conflict and negotiation: The interpersonal effects of disappointment, worry, guilt, and regret.",2006,Journal of Personality and Social Psychology,Gerben A. van Kleef,3,225,True,interpersonal_emotion_regulation;social_baseline_affiliation,appraisal_and_action_tendency;personality_and_emotion_dynamics,https://doi.org/10.1037/0022-3514.91.1.124,https://doi.org/10.1037/0022-3514.91.1.124
https://openalex.org/W2130927697,10.1111/j.1460-2466.2011.01593.x,Media Enjoyment as Need Satisfaction: The Contribution of Hedonic and Nonhedonic Needs,2011,Journal of Communication,Ron Tamborini,6,219,True,interpersonal_emotion_regulation,general,https://doi.org/10.1111/j.1460-2466.2011.01593.x,https://doi.org/10.1111/j.1460-2466.2011.01593.x
https://openalex.org/W2039483840,10.1016/j.jesp.2010.05.006,Does group efficacy increase group identification? Resolving their paradoxical relationship,2010,Journal of Experimental Social Psychology,Martijn van Zomeren,3,215,True,cognitive_appraisal,appraisal_and_action_tendency,https://doi.org/10.1016/j.jesp.2010.05.006,https://doi.org/10.1016/j.jesp.2010.05.006
https://openalex.org/W1977946590,10.1177/0146167211418530,On Boredom and Social Identity,2011,Personality and Social Psychology Bulletin,Wijnand A. P. van Tilburg,2,181,True,interpersonal_emotion_regulation,general,https://doi.org/10.1177/0146167211418530,https://doi.org/10.1177/0146167211418530
https://openalex.org/W2107489595,10.1016/s1071-5819(03)00042-9,The researcher's dilemma: evaluating trust in computer-mediated communication,2003,International Journal of Human-Computer Studies,Jens Riegelsberger,3,173,True,interpersonal_emotion_regulation,general,https://doi.org/10.1016/s1071-5819(03)00042-9,https://doi.org/10.1016/s1071-5819(03)00042-9
https://openalex.org/W4288080268,10.1145/3381804,Tell Me About Yourself,2020,ACM Transactions on Computer-Human Interaction,Ziang Xiao,7,169,True,human_chatbot_emotion,affective_agents_and_chatbots,https://doi.org/10.1145/3381804,https://doi.org/10.1145/3381804
https://openalex.org/W2887083842,10.1177/1754073917751229,Why We Hate,2018,Emotion Review,Agneta H. Fischer,4,169,True,cognitive_appraisal;anger_attribution,appraisal_and_action_tendency;anger_blame_and_attribution,https://doi.org/10.1177/1754073917751229,https://doi.org/10.1177/1754073917751229
https://openalex.org/W2106658733,10.1111/j.1475-6811.2001.tb00032.x,Attachment style and coping resources as predictors of coping strategies in the transition to parenthood,2001,Personal Relationships,Richard B. Alexander,4,161,True,cognitive_appraisal,appraisal_and_action_tendency,https://doi.org/10.1111/j.1475-6811.2001.tb00032.x,https://doi.org/10.1111/j.1475-6811.2001.tb00032.x
https://openalex.org/W2146548601,10.1177/0956797610367752,How Implicit Beliefs Influence Trust Recovery,2010,Psychological Science,Michael P. Haselhuhn,3,155,True,trust_rupture_repair,forgiveness_apology_and_repair,https://doi.org/10.1177/0956797610367752,https://doi.org/10.1177/0956797610367752
https://openalex.org/W2028557120,10.1016/j.jrp.2013.06.005,Neuroticism and Extraversion in youth predict mental wellbeing and life satisfaction 40 years later,2013,Journal of Research in Personality,Catharine R. Galé,5,151,True,personality_reactivity,personality_and_emotion_dynamics,https://doi.org/10.1016/j.jrp.2013.06.005,https://doi.org/10.1016/j.jrp.2013.06.005
https://openalex.org/W3009999177,10.1073/pnas.1910402117,Vulnerable robots positively shape human conversational dynamics in a human–robot team,2020,Proceedings of the National Academy of Sciences,Margaret Traeger,5,133,True,human_chatbot_emotion,appraisal_and_action_tendency;affective_agents_and_chatbots,https://doi.org/10.1073/pnas.1910402117,https://doi.org/10.1073/pnas.1910402117
https://openalex.org/W3045936054,10.1037/emo0000861,Evidence for the existence of emotion dispositions and the effects of appraisal bias.,2020,Emotion,Klaus R. Scherer,1,127,True,cognitive_appraisal,appraisal_and_action_tendency;anger_blame_and_attribution,https://doi.org/10.1037/emo0000861,https://doi.org/10.1037/emo0000861
https://openalex.org/W2117880606,10.1177/1754073909351755,Automatic Constructive Appraisal as a Candidate Cause of Emotion,2010,Emotion Review,Agnes Moors,1,116,True,cognitive_appraisal,appraisal_and_action_tendency,https://doi.org/10.1177/1754073909351755,https://doi.org/10.1177/1754073909351755
https://openalex.org/W2895597574,10.1145/3271484,Blending Human and Artificial Intelligence to Support Autistic Children’s Social Communication Skills,2018,ACM Transactions on Computer-Human Interaction,Kaśka Porayska‐Pomsta,19,115,True,believable_agents,affective_agents_and_chatbots,https://doi.org/10.1145/3271484,https://doi.org/10.1145/3271484
https://openalex.org/W2311574426,10.1177/1754073915610439,Contempt: Derogating Others While Keeping Calm,2016,Emotion Review,Agneta H. Fischer,2,114,True,anger_attribution;interpersonal_emotion_regulation,appraisal_and_action_tendency;anger_blame_and_attribution,https://doi.org/10.1177/1754073915610439,https://doi.org/10.1177/1754073915610439
https://openalex.org/W2112987999,10.1016/j.jesp.2010.02.004,Making sense of one’s actions in an explanatory vacuum: The interpretation of nonconscious goal striving,2010,Journal of Experimental Social Psychology,Elizabeth J. Parks‐Stamm,3,113,True,interpersonal_emotion_regulation,general,https://doi.org/10.1016/j.jesp.2010.02.004,https://doi.org/10.1016/j.jesp.2010.02.004
https://openalex.org/W2088780275,10.1016/j.ijhcs.2014.12.006,"Emotional user experience: Traits, events, and states☆",2014,International Journal of Human-Computer Studies,Jussi Jokinen,1,107,True,cognitive_appraisal,appraisal_and_action_tendency,https://doi.org/10.1016/j.ijhcs.2014.12.006,https://doi.org/10.1016/j.ijhcs.2014.12.006
https://openalex.org/W2101276596,10.1037/1528-3542.6.4.572,"What does it mean to be angry at yourself? Categories, appraisals, and the problem of language.",2006,Emotion,Phoebe C. Ellsworth,2,106,True,appraisal_theory,appraisal_and_action_tendency;anger_blame_and_attribution,https://doi.org/10.1037/1528-3542.6.4.572,https://doi.org/10.1037/1528-3542.6.4.572
https://openalex.org/W1986865668,10.1016/j.jesp.2012.07.011,‘This will bring shame on our nation’: The role of anticipated group-based emotions on collective action,2012,Journal of Experimental Social Psychology,Lee Shepherd,3,103,True,interpersonal_emotion_regulation,anger_blame_and_attribution,https://doi.org/10.1016/j.jesp.2012.07.011,https://doi.org/10.1016/j.jesp.2012.07.011
https://openalex.org/W2558999593,10.1016/j.chb.2016.11.071,The role of emotions and social cognitive variables in online health information seeking processes and effects,2016,Computers in Human Behavior,Jessica Gall Myrick,1,102,True,appraisal_theory,appraisal_and_action_tendency,https://doi.org/10.1016/j.chb.2016.11.071,https://doi.org/10.1016/j.chb.2016.11.071
https://openalex.org/W2993992371,10.1177/1745691619872986,Family Matters: Rethinking the Psychology of Human Social Motivation,2019,Perspectives on Psychological Science,Ahra Ko,47,94,True,attachment_relationships,general,https://doi.org/10.1177/1745691619872986,https://doi.org/10.1177/1745691619872986
https://openalex.org/W2153353324,10.1177/0146167211410247,"Explaining the Paradoxical Rejection-Aggression Link: The Mediating Effects of Hostile Intent Attributions, Anger, and Decreases in State Self-Esteem on Peer Rejection-Induced Aggression in Youth",2011,Personality and Social Psychology Bulletin,Albert Reijntjes,6,93,True,interpersonal_emotion_regulation,appraisal_and_action_tendency;anger_blame_and_attribution,https://doi.org/10.1177/0146167211410247,https://doi.org/10.1177/0146167211410247
https://openalex.org/W2281858315,10.1016/j.chb.2016.02.046,"The effect of virtual sales agent (VSA) gender – product gender congruence on product advice credibility, trust in VSA and online vendor, and purchase intention",2016,Computers in Human Behavior,Ardion Beldad,3,92,True,believable_agents,affective_agents_and_chatbots,https://doi.org/10.1016/j.chb.2016.02.046,https://doi.org/10.1016/j.chb.2016.02.046
https://openalex.org/W2007973000,10.1016/j.jesp.2012.12.005,The apology mismatch: Asymmetries between victim's need for apologies and perpetrator's willingness to apologize,2012,Journal of Experimental Social Psychology,Joost M. Leunissen,4,84,True,forgiveness_repair;anger_attribution,anger_blame_and_attribution;forgiveness_apology_and_repair,https://doi.org/10.1016/j.jesp.2012.12.005,https://doi.org/10.1016/j.jesp.2012.12.005
https://openalex.org/W2090417852,10.1177/0146167207307485,Testing the Limits of Tolerance: How Intergroup Anxiety Amplifies Negative and Offensive Responses to Out-Group-Initiated Contact,2007,Personality and Social Psychology Bulletin,Martijn van Zomeren,3,79,True,appraisal_theory,appraisal_and_action_tendency;anger_blame_and_attribution,https://doi.org/10.1177/0146167207307485,https://doi.org/10.1177/0146167207307485
https://openalex.org/W3176386948,10.1007/s10458-021-09515-9,Trust repair in human-agent teams: the effectiveness of explanations and expressing regret,2021,Autonomous Agents and Multi-Agent Systems,Esther S. Kox,4,72,True,trust_rupture_repair,forgiveness_apology_and_repair;affective_agents_and_chatbots,https://doi.org/10.1007/s10458-021-09515-9,https://doi.org/10.1007/s10458-021-09515-9
https://openalex.org/W2161159085,10.1016/j.jesp.2010.12.006,Disrupting the flow: How brief silences in group conversations affect social needs,2010,Journal of Experimental Social Psychology,Namkje Koudenburg,3,69,True,ostracism_cold_treatment,withdrawal_cold_treatment_and_ostracism,https://doi.org/10.1016/j.jesp.2010.12.006,https://doi.org/10.1016/j.jesp.2010.12.006
https://openalex.org/W2025336151,10.1037/a0023647,Relationship-specific identification and spontaneous relationship maintenance processes.,2011,Journal of Personality and Social Psychology,Lisa Linardatos,2,68,True,attachment_relationships,general,https://doi.org/10.1037/a0023647,https://doi.org/10.1037/a0023647
https://openalex.org/W2904160032,10.1145/3241044,Responding to Sensitive Disclosures on Social Media,2018,ACM Transactions on Computer-Human Interaction,Nazanin Andalibi,2,67,True,ostracism_cold_treatment,appraisal_and_action_tendency;withdrawal_cold_treatment_and_ostracism,https://doi.org/10.1145/3241044,https://doi.org/10.1145/3241044
https://openalex.org/W3045772882,10.1177/1745691621999374,"Psychological Science in the Wake of COVID-19: Social, Methodological, and Metascientific Considerations",2021,Perspectives on Psychological Science,Daniel L. Rosenfeld,52,66,True,ostracism_cold_treatment,withdrawal_cold_treatment_and_ostracism,https://doi.org/10.1177/1745691621999374,https://doi.org/10.1177/1745691621999374
https://openalex.org/W2776166834,10.1037/emo0000384,A multivariate statistical model for emotion dynamics.,2017,Emotion,Tanja Krone,4,57,True,personality_reactivity,personality_and_emotion_dynamics,https://doi.org/10.1037/emo0000384,https://doi.org/10.1037/emo0000384
https://openalex.org/W2995928989,10.1037/pspi0000227,Forgiveness takes place on an attitudinal continuum from hostility to friendliness: Toward a closer union of forgiveness theory and measurement.,2019,Journal of Personality and Social Psychology,Daniel E. Forster,10,51,True,forgiveness_repair,forgiveness_apology_and_repair,https://doi.org/10.1037/pspi0000227,https://doi.org/10.1037/pspi0000227
https://openalex.org/W4320890744,10.1177/17456916221148142,Four Misconceptions About Nonverbal Communication,2023,Perspectives on Psychological Science,Miles L. Patterson,3,49,True,believable_agents,affective_agents_and_chatbots,https://doi.org/10.1177/17456916221148142,https://doi.org/10.1177/17456916221148142
https://openalex.org/W4225001918,10.1145/3491102.3517614,"Sensemaking, Support, Safety, Retribution, Transformation: A Restorative Justice Approach to Understanding Adolescents’ Needs for Addressing Online Harm",2022,CHI Conference on Human Factors in Computing Systems,Sijia Xiao,3,49,True,trust_rupture_repair,forgiveness_apology_and_repair,https://doi.org/10.1145/3491102.3517614,https://doi.org/10.1145/3491102.3517614
https://openalex.org/W3200380001,10.1016/j.paid.2021.111256,Attachment anxiety predicts worse mental health outcomes during COVID-19: Evidence from two studies,2021,Personality and Individual Differences,Laura M. Vowels,3,47,True,attachment_relationships,general,https://doi.org/10.1016/j.paid.2021.111256,https://doi.org/10.1016/j.paid.2021.111256
https://openalex.org/W2093458092,10.1177/1948550613488951,Invisible Man,2013,Social Psychological and Personality Science,Anne Böckler,3,47,True,ostracism_cold_treatment,withdrawal_cold_treatment_and_ostracism,https://doi.org/10.1177/1948550613488951,https://doi.org/10.1177/1948550613488951
https://openalex.org/W3155012264,10.1177/10888683211007021,Downstream Consequences of Post-Transgression Responses: A Motive-Attribution Framework,2021,Personality and Social Psychology Review,Mario Gollwitzer,2,41,True,forgiveness_repair;apology_sincerity;anger_attribution;trust_rupture_repair;attachment_relationships,anger_blame_and_attribution;forgiveness_apology_and_repair,https://doi.org/10.1177/10888683211007021,https://doi.org/10.1177/10888683211007021
https://openalex.org/W1929522574,10.1007/s10458-015-9307-3,Mood contagion of robot body language in human robot interaction,2015,Autonomous Agents and Multi-Agent Systems,Junchao Xu,4,41,True,believable_agents,appraisal_and_action_tendency;affective_agents_and_chatbots,https://doi.org/10.1007/s10458-015-9307-3,https://doi.org/10.1007/s10458-015-9307-3
https://openalex.org/W2519013925,10.1016/j.paid.2016.04.009,Hans Eysenck's interface between the brain and personality: Modern evidence on the cognitive neuroscience of personality,2016,Personality and Individual Differences,Rachel L.C. Mitchell,2,38,True,personality_reactivity,personality_and_emotion_dynamics,https://doi.org/10.1016/j.paid.2016.04.009,https://doi.org/10.1016/j.paid.2016.04.009
https://openalex.org/W2973558113,10.1080/10447318.2019.1664068,Does a Smile Matter if the Person Is Not Real?: The Effect of a Smile and Stock Photos on Persona Perceptions,2019,International Journal of Human-Computer Interaction,Joni Salminen,4,35,True,believable_agents,affective_agents_and_chatbots,https://doi.org/10.1080/10447318.2019.1664068,https://doi.org/10.1080/10447318.2019.1664068
https://openalex.org/W2166527952,10.1177/0146167210378852,Forgiveness and the Need to Belong,2010,Personality and Social Psychology Bulletin,Collin D. Barnes,4,35,True,attachment_relationships,appraisal_and_action_tendency;anger_blame_and_attribution;forgiveness_apology_and_repair,https://doi.org/10.1177/0146167210378852,https://doi.org/10.1177/0146167210378852
https://openalex.org/W2123518517,10.1609/aimag.v31i1.2284,Lessons Learned from Virtual Humans,2010,AI Magazine,William Swartout,1,34,True,believable_agents,affective_agents_and_chatbots,https://doi.org/10.1609/aimag.v31i1.2284,https://doi.org/10.1609/aimag.v31i1.2284
https://openalex.org/W4380052077,10.1145/3603625,Addressing Interpersonal Harm in Online Gaming Communities: The Opportunities and Challenges for a Restorative Justice Approach,2023,ACM Transactions on Computer-Human Interaction,Sijia Xiao,3,32,True,trust_rupture_repair,forgiveness_apology_and_repair,https://doi.org/10.1145/3603625,https://doi.org/10.1145/3603625
https://openalex.org/W4290786362,10.1177/17456916221094540,From Threat to Challenge: Understanding the Impact of Historical Collective Trauma on Contemporary Intergroup Conflict,2022,Perspectives on Psychological Science,Mengyao Li,4,30,True,attachment_relationships,appraisal_and_action_tendency,https://doi.org/10.1177/17456916221094540,https://doi.org/10.1177/17456916221094540
https://openalex.org/W4313621236,10.1177/02654075221149955,"From Close to Ghost: Examining the Relationship Between the Need for Closure, Intentions to Ghost, and Reactions to Being Ghosted",2023,Journal of Social and Personal Relationships,Christina M. Leckfor,4,28,True,ostracism_cold_treatment,appraisal_and_action_tendency;withdrawal_cold_treatment_and_ostracism,https://doi.org/10.1177/02654075221149955,https://doi.org/10.1177/02654075221149955
https://openalex.org/W3144645374,10.1016/j.jesp.2021.104140,Overcoming negative reactions to prosocial intergroup behaviors in post-conflict societies: The power of intergroup apology,2021,Journal of Experimental Social Psychology,Islam Borinca,4,25,True,forgiveness_repair,forgiveness_apology_and_repair,https://doi.org/10.1016/j.jesp.2021.104140,https://doi.org/10.1016/j.jesp.2021.104140
https://openalex.org/W2799935566,10.1037/emo0000463,Intergroup emotional exchange: Ingroup guilt and outgroup anger increase resource allocation in trust games.,2018,Emotion,Danielle M. Shore,5,25,True,forgiveness_repair;trust_rupture_repair,appraisal_and_action_tendency;anger_blame_and_attribution;forgiveness_apology_and_repair,https://doi.org/10.1037/emo0000463,https://doi.org/10.1037/emo0000463
https://openalex.org/W4391614271,10.1177/01461672231225571,Personality and Well-Being Across and Within Relationship Status,2024,Personality and Social Psychology Bulletin,Elaine Hoan,2,24,True,attachment_relationships,personality_and_emotion_dynamics,https://doi.org/10.1177/01461672231225571,https://doi.org/10.1177/01461672231225571
https://openalex.org/W2914998026,10.1016/j.jesp.2019.01.006,Beyond actions: Reparatory effects of regret in intergroup trust games,2019,Journal of Experimental Social Psychology,Magdalena Rychlowska,5,16,True,forgiveness_repair;trust_rupture_repair,forgiveness_apology_and_repair,https://doi.org/10.1016/j.jesp.2019.01.006,https://doi.org/10.1016/j.jesp.2019.01.006
https://openalex.org/W4295993366,10.1111/pere.12449,<scp>Self‐regulation</scp> in close relationships,2022,Personal Relationships,Francesca Righetti,4,15,True,attachment_relationships,general,https://doi.org/10.1111/pere.12449,https://doi.org/10.1111/pere.12449
https://openalex.org/W2061922777,10.1016/j.jesp.2014.09.007,Gender differences in trust dynamics: Women trust more than men following a trust violation,2014,Journal of Experimental Social Psychology,Michael P. Haselhuhn,5,12,True,forgiveness_repair,forgiveness_apology_and_repair,https://doi.org/10.1016/j.jesp.2014.09.007,https://doi.org/10.1016/j.jesp.2014.09.007
https://openalex.org/W4412736354,10.1016/j.chb.2025.108759,The influence of persona and conversational task on social interactions with a LLM-controlled embodied conversational agent,2025,Computers in Human Behavior,Leon O. H. Kroczek,6,10,True,llm_agents_affect,appraisal_and_action_tendency;personality_and_emotion_dynamics;affective_agents_and_chatbots,https://doi.org/10.1016/j.chb.2025.108759,https://doi.org/10.1016/j.chb.2025.108759
https://openalex.org/W4386020776,10.1111/pere.12518,When silence speaks louder than words: Exploring the experiences and attitudes of ghosters,2023,Personal Relationships,Karen Wu,2,10,True,ostracism_cold_treatment,anger_blame_and_attribution;withdrawal_cold_treatment_and_ostracism,https://doi.org/10.1111/pere.12518,https://doi.org/10.1111/pere.12518
https://openalex.org/W4383221983,10.1016/j.paid.2023.112325,Who is more likely to feel ostracized? A latent class analysis of personality traits,2023,Personality and Individual Differences,Daniel Waldeck,6,9,True,ostracism_cold_treatment,personality_and_emotion_dynamics;withdrawal_cold_treatment_and_ostracism,https://doi.org/10.1016/j.paid.2023.112325,https://doi.org/10.1016/j.paid.2023.112325
https://openalex.org/W3123582895,10.1177/0265407520984853,"Applying the developmental model of marital competence to sexual satisfaction: Associations between conflict resolution quality, forgiveness, attachment, and sexual satisfaction",2021,Journal of Social and Personal Relationships,David B. Allsop,5,9,True,attachment_relationships,forgiveness_apology_and_repair,https://doi.org/10.1177/0265407520984853,https://doi.org/10.1177/0265407520984853
https://openalex.org/W4378175474,10.1037/emo0001245,Patterns of emotion-network dynamics are orthogonal to mood disorder status: An experience sampling investigation.,2023,Emotion,Monica Kullar,6,7,True,emotion_dynamics,general,https://doi.org/10.1037/emo0001245,https://doi.org/10.1037/emo0001245
https://openalex.org/W4319833220,10.1111/pere.12471,"Forgiveness, its factors, and unforgivable acts in romantic relationships: A <scp>mixed‐methods</scp> study",2023,Personal Relationships,Lucia Záhorcová,3,7,True,forgiveness_repair,anger_blame_and_attribution;forgiveness_apology_and_repair,https://doi.org/10.1111/pere.12471,https://doi.org/10.1111/pere.12471
https://openalex.org/W4229016370,10.1016/j.jesp.2022.104282,The myth of the extra mile: Psychological processes and neural mechanisms underlying overcompensation effects,2022,Journal of Experimental Social Psychology,Tessa Haesevoets,6,6,True,apology_sincerity,forgiveness_apology_and_repair,https://doi.org/10.1016/j.jesp.2022.104282,https://doi.org/10.1016/j.jesp.2022.104282
https://openalex.org/W4400471768,10.1007/s10458-024-09664-7,An agent-based persuasion model using emotion-driven concession and multi-objective optimization,2024,Autonomous Agents and Multi-Agent Systems,Zhenwu Wang,6,5,True,occ_pad_models,affective_agents_and_chatbots,https://doi.org/10.1007/s10458-024-09664-7,https://doi.org/10.1007/s10458-024-09664-7
https://openalex.org/W3021842026,10.1093/eurheartj/ehs092,European Guidelines on cardiovascular disease prevention in clinical practice (version 2012): The Fifth Joint Task Force of the European Society of Cardiology and Other Societies on Cardiovascular Disease Prevention in Clinical Practice (constituted by representatives of nine societies and by invited experts) * Developed with the special contribution of the European Association for Cardiovascular Prevention &amp; Rehabilitation (EACPR),2012,European Heart Journal,Authors/Task Force Members:,87,8514,False,affective_computing;llm_agents_affect,affective_agents_and_chatbots,https://doi.org/10.1093/eurheartj/ehs092,https://doi.org/10.1093/eurheartj/ehs092
https://openalex.org/W2112042732,10.1111/j.1540-5915.2008.00192.x,Technology Acceptance Model 3 and a Research Agenda on Interventions,2008,Decision Sciences,Viswanath Venkatesh,2,7650,False,affective_computing,general,https://doi.org/10.1111/j.1540-5915.2008.00192.x,https://doi.org/10.1111/j.1540-5915.2008.00192.x
https://openalex.org/W2121005211,10.1162/003355300554881,Economics and Identity*,2000,The Quarterly Journal of Economics,George A. Akerlof,2,5553,False,affective_computing;llm_agents_affect,withdrawal_cold_treatment_and_ostracism;affective_agents_and_chatbots,https://doi.org/10.1162/003355300554881,https://doi.org/10.1162/003355300554881
https://openalex.org/W2969625533,10.1016/j.ijinfomgt.2019.08.002,"Artificial Intelligence (AI): Multidisciplinary perspectives on emerging challenges, opportunities, and agenda for research, practice and policy",2019,International Journal of Information Management,Yogesh K. Dwivedi,35,3908,False,affective_computing;human_chatbot_emotion;llm_agents_affect,affective_agents_and_chatbots,https://doi.org/10.1016/j.ijinfomgt.2019.08.002,https://doi.org/10.1016/j.ijinfomgt.2019.08.002
https://openalex.org/W3126113144,10.1257/jep.23.1.77,Deciphering the Liquidity and Credit Crunch 2007–2008,2009,The Journal of Economic Perspectives,Markus K. Brunnermeier,1,3382,False,conflict_withdrawal,withdrawal_cold_treatment_and_ostracism,https://doi.org/10.1257/jep.23.1.77,https://doi.org/10.1257/jep.23.1.77
https://openalex.org/W2067369167,10.2307/3094912,The Ripple Effect: Emotional Contagion and its Influence on Group Behavior,2002,Administrative Science Quarterly,Sigal G. Barsade,1,3268,False,affective_computing;llm_agents_affect,affective_agents_and_chatbots,https://doi.org/10.2307/3094912,https://doi.org/10.2307/3094912
https://openalex.org/W2084046180,10.1162/coli_a_00049,Lexicon-Based Methods for Sentiment Analysis,2011,Computational Linguistics,Maite Taboada,5,3230,False,appraisal_theory;affective_computing;llm_agents_affect,appraisal_and_action_tendency;affective_agents_and_chatbots,https://doi.org/10.1162/coli_a_00049,https://doi.org/10.1162/coli_a_00049
https://openalex.org/W2099019320,10.1016/s0921-8890(02)00372-x,A survey of socially interactive robots,2003,Robotics and Autonomous Systems,Terrence Fong,3,3098,False,affective_computing;personality_reactivity;human_chatbot_emotion;llm_agents_affect,personality_and_emotion_dynamics;affective_agents_and_chatbots,https://doi.org/10.1016/s0921-8890(02)00372-x,https://doi.org/10.1016/s0921-8890(02)00372-x
https://openalex.org/W1984748091,10.1007/s11092-008-9068-5,Developing the theory of formative assessment,2009,Educational Assessment Evaluation and Accountability,Paul Black,2,3077,False,llm_agents_affect,affective_agents_and_chatbots,https://doi.org/10.1007/s11092-008-9068-5,https://doi.org/10.1007/s11092-008-9068-5
https://openalex.org/W2032568497,10.1007/s12369-008-0001-3,"Measurement Instruments for the Anthropomorphism, Animacy, Likeability, Perceived Intelligence, and Perceived Safety of Robots",2008,International Journal of Social Robotics,Christoph Bartneck,4,3001,False,affective_computing;human_chatbot_emotion;llm_agents_affect,affective_agents_and_chatbots,https://doi.org/10.1007/s12369-008-0001-3,https://doi.org/10.1007/s12369-008-0001-3
https://openalex.org/W2116734767,10.1177/0149206314527128,Innovation and Creativity in Organizations,2014,Journal of Management,Neil Anderson,3,2884,False,appraisal_theory,appraisal_and_action_tendency,https://doi.org/10.1177/0149206314527128,https://doi.org/10.1177/0149206314527128
https://openalex.org/W1995453178,10.1007/bf00992905,The narrative constitution of identity: A relational and network approach,1994,Theory and Society,Margaret R. Somers,1,2861,False,llm_agents_affect,affective_agents_and_chatbots,https://doi.org/10.1007/bf00992905,https://doi.org/10.1007/bf00992905
https://openalex.org/W2010189956,,Rural development : putting the last first,1983,OpenDocs (Institute of Development Studies),Robert Chambers,1,2625,False,appraisal_theory,appraisal_and_action_tendency,,http://opendocs.ids.ac.uk/opendocs/handle/123456789/178
https://openalex.org/W2040467972,10.1111/j.1467-8640.2012.00460.x,CROWDSOURCING A WORD–EMOTION ASSOCIATION LEXICON,2012,Computational Intelligence,Saif M. Mohammad,2,2543,False,affective_computing;llm_agents_affect,affective_agents_and_chatbots,https://doi.org/10.1111/j.1467-8640.2012.00460.x,https://doi.org/10.1111/j.1467-8640.2012.00460.x
https://openalex.org/W1543266722,10.17705/1cais.01250,"The Technology Acceptance Model: Past, Present, and Future",2003,Communications of the Association for Information Systems,Younghwa Lee,3,2530,False,affective_computing,general,https://doi.org/10.17705/1cais.01250,https://doi.org/10.17705/1cais.01250
https://openalex.org/W2623779865,10.2196/mental.7785,Delivering Cognitive Behavior Therapy to Young Adults With Symptoms of Depression and Anxiety Using a Fully Automated Conversational Agent (Woebot): A Randomized Controlled Trial,2017,JMIR Mental Health,Kathleen Kara Fitzpatrick,3,2430,False,llm_agents_affect,appraisal_and_action_tendency;affective_agents_and_chatbots,https://doi.org/10.2196/mental.7785,https://doi.org/10.2196/mental.7785
https://openalex.org/W2011659326,10.1016/j.annals.2004.01.010,Factors influencing destination image,2004,Annals of Tourism Research,Asunción Beerli Palacio,2,2394,False,affective_computing;believable_agents,affective_agents_and_chatbots,https://doi.org/10.1016/j.annals.2004.01.010,https://doi.org/10.1016/j.annals.2004.01.010
https://openalex.org/W3153990350,10.1007/s12525-021-00475-2,Machine learning and deep learning,2021,Electronic Markets,Christian Janiesch,3,2393,False,social_baseline_affiliation,general,https://doi.org/10.1007/s12525-021-00475-2,https://doi.org/10.1007/s12525-021-00475-2
https://openalex.org/W3035686316,10.1016/j.ijinfomgt.2020.102168,Setting the future of digital and social media marketing research: Perspectives and research propositions,2020,International Journal of Information Management,Yogesh K. Dwivedi,18,2382,False,appraisal_theory;affective_computing;believable_agents;llm_agents_affect,appraisal_and_action_tendency;affective_agents_and_chatbots,https://doi.org/10.1016/j.ijinfomgt.2020.102168,https://doi.org/10.1016/j.ijinfomgt.2020.102168
https://openalex.org/W2006181802,10.1111/0023-8333.00136,Effectiveness of L2 Instruction: A Research Synthesis and Quantitative Meta‐analysis,2000,Language Learning,John M. Norris,2,2381,False,appraisal_theory,appraisal_and_action_tendency,https://doi.org/10.1111/0023-8333.00136,https://doi.org/10.1111/0023-8333.00136
https://openalex.org/W2157228429,10.1016/s1090-5138(04)00005-4,Third-party punishment and social norms,2004,Evolution and Human Behavior,Ernst Fehr,2,2295,False,affective_computing,general,https://doi.org/10.1016/s1090-5138(04)00005-4,https://doi.org/10.1016/s1090-5138(04)00005-4
https://openalex.org/W1996537012,10.5402/2012/278730,"Religion, Spirituality, and Health: The Research and Clinical Implications",2012,ISRN Psychiatry,Harold G. Koenig,1,2238,False,personality_reactivity;social_baseline_affiliation,personality_and_emotion_dynamics,https://doi.org/10.5402/2012/278730,https://doi.org/10.5402/2012/278730
https://openalex.org/W2979906316,10.1007/s11747-019-00696-0,How artificial intelligence will change the future of marketing,2019,Journal of the Academy of Marketing Science,Thomas H. Davenport,4,2225,False,social_baseline_affiliation;llm_agents_affect,affective_agents_and_chatbots,https://doi.org/10.1007/s11747-019-00696-0,https://doi.org/10.1007/s11747-019-00696-0
https://openalex.org/W2894528744,10.1108/josm-04-2018-0119,Brave new world: service robots in the frontline,2018,Journal of service management,Jochen Wirtz,7,2051,False,affective_computing;social_baseline_affiliation;llm_agents_affect,affective_agents_and_chatbots,https://doi.org/10.1108/josm-04-2018-0119,https://doi.org/10.1108/josm-04-2018-0119
https://openalex.org/W1598829572,10.26192/q7w89,"Social Science Research: Principles, Methods and Practices",2019,University of Southern Queensland ePrints (University of Southern Queensland),Anol Bhattacherjee,5,2049,False,affective_computing,general,https://doi.org/10.26192/q7w89,https://doi.org/10.26192/q7w89
https://openalex.org/W2065970781,10.1037/a0032359,On psychological growth and vulnerability: Basic psychological need satisfaction and need frustration as a unifying principle.,2013,Journal of Psychotherapy Integration,Maarten Vansteenkiste,2,2041,False,appraisal_theory;attachment_relationships,appraisal_and_action_tendency,https://doi.org/10.1037/a0032359,https://doi.org/10.1037/a0032359
https://openalex.org/W2081314276,10.1257/jep.3.4.99,Social Norms and Economic Theory,1989,The Journal of Economic Perspectives,Jon Elster,1,2031,False,appraisal_theory;affective_computing;llm_agents_affect,appraisal_and_action_tendency;affective_agents_and_chatbots,https://doi.org/10.1257/jep.3.4.99,https://doi.org/10.1257/jep.3.4.99
